{
	"class_name" : "PinholeCameraParameters",
	"extrinsic" : 
	[
		0.010731318078429163,
		0.73000469096166987,
		-0.68335787841090756,
		0.0,
		-0.02063974679520637,
		-0.68308992577518801,
		-0.73004257009894846,
		0.0,
		-0.99972938321554272,
		0.02193865261143629,
		0.007736656711097631,
		0.0,
		0.21856259647020915,
		0.073476952766080961,
		155.17903617923631,
		1.0
	],
	"intrinsic" : 
	{
		"height" : 1080,
		"intrinsic_matrix" : 
		[
			935.30743608719399,
			0.0,
			0.0,
			0.0,
			935.30743608719399,
			0.0,
			959.5,
			539.5,
			1.0
		],
		"width" : 1920
	},
	"version_major" : 1,
	"version_minor" : 0
}